Px,Py
0.08852609257585267,1.9136570125090508
0.482135205612383,1.739697487687365
-0.027016818823696012,2.0356236632625335
-0.7090620054960834,3.238570154782341
-0.6430074714552555,3.05386471830055
1.5160531147045049,2.775372939056642
0.7690817792714503,1.81251206016864
-1.0566772533143038,4.169327196868765
-0.7980138172434695,3.4286562622457724
0.8592820005012326,1.8839451603796455
0.0349881097310044,1.9456097770974006
-1.0056110049273888,4.027478444547256
0.5333068181461338,1.75377455327709
1.058363011548054,2.0597647029524677
0.6992279768225073,1.777346649542952
1.1596969903934269,2.1838606468165
-0.682706164853939,3.1537407948525678
1.151107569185624,2.1975174775436614
-1.114711421369626,4.3640844627452156
-1.5603338231178046,6.011659893992899
1.4017090161795025,2.5512842167884875
-0.09647303979763314,2.099823931423495
0.011107610758289815,1.9904208325391441
-1.0704713109485853,4.215369678224097
-0.3376111835725268,2.439825787587751
1.526895537636059,2.7967693474289743
1.6868030683490742,3.1490077658338698
1.2889666875597783,2.353339229222592
1.044045377096533,2.042392049341259
-0.9984941665374888,3.988906308317729
-0.07487148943629061,2.0850564402668588
1.6681764859697163,3.126854744957677
0.8415029899631375,1.865314576480105
0.3577323846693881,1.7798263267057846
-1.0511098290803014,4.139824984840755
0.6355632262910779,1.769296474951656
1.0404169831009042,2.019122703533034
-1.5114355524188843,5.772993653398796
0.03098050828964673,1.9576186059432066
-1.1317614745217828,4.4153813289621615
1.1147974100055233,2.127093721971461
0.2040779833167505,1.8544390442450154
-0.1089593623182704,2.1223660623954776
-0.6760808281301739,3.1367402017168127
-0.3637437879859753,2.4895447644174107
0.8822361868881751,1.8900721632232949
0.4687870075754754,1.7638545456318664
0.05146887956724552,1.954484322353747
-1.0540835259896726,4.17694674529253
1.9672027240689367,3.9165461879936325
-0.3726729287345001,2.5068689409794502
0.208478754241873,1.8318971283510075
0.8097450393803809,1.8320720876721075
-1.3574246985763316,5.199748053503596
1.7364791403828563,3.291141616802346
-0.2841647390515022,2.3514381841915664
0.4011944136597098,1.75469366192049
1.211262345179708,2.253516148570622
-0.8160871078082059,3.4787970696591346
-0.17968343081388002,2.2005101537256655
0.6884530361311423,1.7919514373249703
-0.22068750473303178,2.2686457404433042
2.4339097889145487,5.490092219188937
0.2634025446400975,1.8083450602168782
0.31911736874390106,1.7869511423840136
-1.3302932839837085,5.108328106843282
-0.18223537522954733,2.2106092928832153
0.1704924654386012,1.874893257008882
-0.16471566370338014,2.186696438831088
-0.07516949859157798,2.0895015254287714
0.9209516616923277,1.9205451940790963
0.6532812271221933,1.793265316492053
0.3111738531014266,1.7729189858954006
0.6452126472017823,1.7759000790461779
-2.9995112350491278,13.99178022951823
-0.8344749183272817,3.534258347280413
0.5473439326504769,1.7397553970599888
0.14172591349968802,1.8675245725768577
-0.5489748274193467,2.855724614276185
0.3100593323648842,1.7832582907609653
-0.4070668817589446,2.5902832232341946
1.5079579614648777,2.7794888461606617
0.005376071240815376,1.9927020917524214
-0.5339921044048376,2.836043384324549
1.0391961422405087,2.04468617832712
-1.5346433833789739,5.8866796134438255
1.00148219461154,1.9899212409957956
0.7429690071838749,1.8108087176445626
-1.309739233686777,5.011629996874352
0.31226119476048886,1.7930183398098143
0.549055476411914,1.7487839413499495
1.2717180228190046,2.3487384464273977
0.3058774590265667,1.777364470494973
-0.2332545872260261,2.2916483776409593
0.5250181187747814,1.7646536258584544
-1.3503013206850212,5.180361177733487
0.21386755380245723,1.82596997147464
-1.011870429118976,4.053024375627547
-0.7969229297137328,3.4066858176027535
-1.0675532953779543,4.208589813510161
1.123512713380658,2.134852865282152
1.7856360631874106,3.4181987802993063
0.2046800560251737,1.8513593984274381
0.35762012557259154,1.7557352222761815
-0.8233892505850855,3.4962075736976246
1.0927191019527496,2.113609375287212
-0.2593713496930753,2.3309347630351263
1.1882914132772446,2.235327805220636
-0.15900650808401356,2.191216861636209
1.620108218983675,2.9971442407575624
-0.08196780103483643,2.0852692606079914
-1.7097823584881835,6.635472748124625
2.0882241701283015,4.261800266669262
-0.06489064450562858,2.055589708322347
1.2878005271215254,2.3727734985612696
0.6370457640075776,1.7683600461959441
0.08120845391327815,1.92546139996845
-1.079912192946122,4.255574673645262
-1.2146282726120012,4.697473036159506
-1.3842578742814058,5.301498932128851
-1.0660354372881318,4.204459531716879
1.0508469584945006,2.0582994493339974
-2.1512467908585293,8.782177086119633
0.48518017493186416,1.7438763452194783
-0.239159474169629,2.308867393159126
0.33821883596895647,1.760196827607208
-0.7823284290750234,3.388862266918104
-1.312329953449807,5.045649853829459
-0.6732905086475864,3.1353566503517576
0.6251555591220623,1.767990633055118
-0.08993263249954757,2.0904461833752426
-1.4888286767833254,5.688720646427977
-1.095861284601227,4.296919326460462
0.9726962531304304,1.9644321746076674
-0.4743905425341876,2.696092583695392
1.713608833511578,3.2126064609571565
-1.1536701249795787,4.4835947849834294
-0.6900809921653519,3.1699731604198034
-0.7735062562821033,3.374466324199542
0.712028933721374,1.7950848519041394
-0.1693259586012929,2.2052833503234375
1.9843917452352564,3.964600076715182
1.7289172567554736,3.260509598496008
-0.09177265695979361,2.119213028530225
-0.4046203609774648,2.5790052345088954
0.7316880660780886,1.8045655000481566
-0.5610460203434824,2.8670183114131085
0.5887969891863506,1.7560619388127412
2.515290897014972,5.824299706202658
0.19621643549388995,1.8511927842301799
1.0595590928779963,2.036698824413092
-2.377733078360346,10.03985893528606
-0.4955907984180531,2.7514487874090388
0.2706466132974655,1.8135043527152632
-0.5930707616642845,2.9382243128744867
-1.2797778460235494,4.923573141899497
0.7076163418059975,1.8237821621009527
0.15561288807141643,1.8719232334830516
1.3560489445274377,2.494887346435639
0.5051199813304846,1.771981095446392
-0.7232684271282287,3.2682841218908023
1.199040645166041,2.238920628064805
-0.13762722518801362,2.171152547086236
0.2272211314410885,1.8295117450339022
-0.9272706728864988,3.793559072377671
0.21295132673251074,1.8371756413506408
0.19301412365092044,1.839458051609488
1.24399555255,2.2863844759334877
0.16746763085713987,1.851076377165657
1.0499558117493515,2.0549094686197362
-0.49121585847382,2.7352851824342888
-0.13671262667782338,2.161176057708771
-1.4075476693169726,5.375808510510765
-1.058227019852525,4.18051533627603
0.5537968112054638,1.7485521769023498
0.3324307568884127,1.7929855159613983
-0.8382092657650927,3.5508504224661013
-0.12149801355901135,2.1453705552293707
0.5318689436737429,1.7357080617791898
-0.813046284050097,3.466862832945491
0.7686769280492687,1.8141498247035137
-1.4911428453189162,5.715144601011896
-0.2275352093649328,2.2875836179006557
1.204786285064548,2.2519483696511804
-0.610838106011658,2.971310418330184
-1.12826863663634,4.412092700084065
-0.33953459330338814,2.4484485314883115
-0.2871148465853655,2.3639418652859923
0.8790798788293781,1.911828407327083
1.1989697536505441,2.2533510622153097
0.028895014607676923,1.9739095173264818
-1.7513074493642817,6.828080025166935
0.6358905370309297,1.7492469854501234
2.042892218623627,4.105302079710717
0.8795608040365362,1.8973188007418087
0.6480575480461175,1.7612412624313025
-0.7362172016749328,3.2898652609339076
-0.09614182792621381,2.1164951992936047
-1.7044718854488425,6.608521924983245
1.2571301016188878,2.3230657454930337
-0.7761840686046656,3.3669949339400365
-2.1918102487385007,9.004772969061447
-0.9103037584942562,3.7315737635630963
-0.14722871688324315,2.1817700518709033
0.6970538666850271,1.7882721605941314
-0.6564707434641359,3.1214915362232545
-0.2748311796595197,2.356272654243103
-1.603728125984878,6.159317449961265
0.010088953493681737,2.0013324160096353
0.36265213874517777,1.77117747854131
-0.5787854332938093,2.8978170427056704
1.2459154654003417,2.3018628277226783
-1.026408608408972,4.0554888235401005
0.011536775307172342,1.9899820460951942
-0.08581596878387161,2.115556314176232
0.8873175882608063,1.8985737106470628
0.8147711273231707,1.8384429768032455
1.0002946064721037,2.0166566390067184
0.007450496424326276,2.0046083941374153
-1.1308287501796446,4.416672302690615
0.6124042228666731,1.7503987035692778
3.373280790010515e-05,2.023911957450596
-0.22201818688482203,2.269620318100142
0.050442788757227325,1.9370709522517433
0.16651227345443675,1.8573532003774478
-0.5692257099700232,2.898413086471165
-1.8041838468438787,7.06439962629139
-0.44624327792614815,2.6470191079218197
0.35370699966623886,1.7754893657136406
-0.4656234793007016,2.6796592465056426
0.8060407888394635,1.847582172980518
-1.1223982142206135,4.367117875741355
0.01686974267376117,2.003451691740578
1.2870079430513233,2.379679699775796
-0.3341148221356965,2.4631144468340715
1.5513877592572072,2.8715945241504306
-0.4115379060344254,2.5813381018965003
-0.22582874318825077,2.2761833095022457
-0.4589826995719595,2.688571373693219
-0.11277695140073273,2.126419316396702
1.1046969505931412,2.1045807952829936
0.41822080931732086,1.764055917431911
0.4852922806089379,1.7435466947113623
-1.7250662918276345,6.696151742152096
-0.9329813560346153,3.8097465063187617
0.2770283005006253,1.8026491779916602
-0.45456243792072354,2.657526773165072
-1.3142214745134666,5.070417579186791
0.0334195375584851,1.982255982954608
-1.228597608399921,4.742184894789712
1.8566848476163749,3.5898051115985816
-0.7765383239252756,3.3658237699945697
0.9066167005628676,1.9204364407079337
1.489330478971001,2.733101119890673
-1.2535645096452734,4.8271272463512105
1.4707827677492535,2.6805431180411685
-0.4879204645452346,2.722832330548573
0.04466552430044235,1.9608071886426417
-0.14543918047404766,2.1658883298289116
1.7747142175209996,3.3743119736588953
-0.6630006989374112,3.1200082548280332
-0.25886665902346984,2.318724637186743
0.1846021874653847,1.8570719933114737
-1.514528598115788,5.818817370370378
-1.229755942922783,4.741847502301317
-0.12211600134273215,2.1338439092349915
-1.0085522509716442,4.041442436190853
-2.1028181194524884,8.516484061299384
0.3879811196911969,1.764474808984756
-1.2154677086004444,4.6913085308284135
0.5793834274427226,1.765326237221337
0.5595640381055771,1.764699190438421
0.49239369461032556,1.7497191606780198
-1.851919438152382,7.265302483916673
0.8754595249484625,1.8828570820842319
-0.18218652454908907,2.208792459489753
0.2702616959105036,1.7880228408579806
-1.3066084028821798,5.018405877111873
1.200776367490329,2.2459456776637703
1.3531401135687522,2.488811165132199
0.3264573933926857,1.7945884544897936
1.1506752980559787,2.1576429278942912
-1.5509849910626439,5.9695612619470575
0.020110805894701225,1.9884994082703473
0.4646251417620842,1.7395025085699967
-0.027177319344143344,2.0165276867419997
0.8098234443747918,1.8189818738870691
0.27816878524673005,1.8048478115190667
-1.4240827235178186,5.456482045511519
0.4638737349390117,1.7601308538122244
1.1080428096437,2.1324809596287415
0.7658654304120979,1.810705316117501
-0.572791516229245,2.9024406388294577
-0.9116448452088294,3.7464856845274106
-2.4074276636872067,10.205716776279896
1.1014861027054688,2.1120112435754277
0.4663160221678779,1.7446763630034612
0.5839847641904516,1.7647193696020536
-0.5513181036032012,2.8541499463583495
1.3354371958589772,2.452363132352743
0.1964055799297892,1.8378866657898054
0.5382059701240318,1.747687687109214
0.43032700904953086,1.76646975973001
-0.9149918786795352,3.749512977559892
1.4082372882044762,2.574698390864027
1.30827118963197,2.4222176640448296
0.9421198540824464,1.9457956420639273
0.24863120594691027,1.794210074506186
-0.08752404835490378,2.128454294376079
0.5323499773996454,1.7487949822989477
-0.24055544989050237,2.304455917813126
1.853835876144186,3.581991065002081
-0.5303757790216337,2.812926706662517
0.033590397012260666,1.9681028745953586
-0.23855636930320723,2.3175881673376155
1.0757297196616022,2.070857976858257
-0.7560967344380357,3.3296421973804113
0.9686470680499107,1.9727081979672927
-1.0606629993674332,4.180173453611103
-1.1141025577993577,4.362427016465227
-1.0770308207608739,4.238381772217038
0.46985636727725333,1.752302287296507
1.2071976228881494,2.246211915577149
-0.011693094707131776,2.0148212130042737
-1.6897725069529335,6.561374418031425
-2.0411076652817535,8.207929253136559
0.8966782853007829,1.911492137478415
1.5572363396831517,2.886854681082466
0.5026964963170196,1.746208549356587
-0.14563659959164557,2.164957289715089
-0.9529070536760493,3.858562382375724
1.1163685628017443,2.120178289485208
-0.5108615794187431,2.777261738572961
-1.159617898584983,4.503020392419273
-0.3928824399005011,2.547283009900548
-1.0102709239927912,4.045298172638616
-0.33086724678009516,2.437859809952075
-0.30464780338832514,2.4143932695046595
0.4590677131468217,1.760673169975862
-0.012527772546097297,2.010107583701088
-1.2663068424991186,4.863383224046659
0.3138557368909948,1.7797184075618246
-0.5716346043385044,2.902987670794516
0.5223584226220378,1.7387486859834775
-0.6663891115420657,3.1047298337887796
0.6049407915475707,1.7593320240434298
1.5831627736085279,2.9116138080839895
-1.3290368493806166,5.112511715235589
-0.24740936424999996,2.307123931187595
-0.14020106778907865,2.157881826129084
0.24702492571697335,1.8137060353776544
0.08856537138568987,1.9083321719232538
-1.226388157956882,4.723905840295395
0.9864359589474323,1.9701616688997037
0.34651979373881564,1.7609406259568632
0.9376694678466689,1.945098313266066
1.3678013137573546,2.507875365574281
0.4567697457296766,1.75462992055182
0.29971685412396815,1.7952103034962739
-0.24250782293955936,2.300394123409082
0.34019576267165147,1.7500108492837898
-1.923855157424632,7.615779521407545
-0.9576678968467526,3.878987734642431
-1.1866350871225912,4.590682880283682
0.4357115396445874,1.766316764441372
0.581178233064266,1.7561204932467624
0.3508500624894169,1.779471897757045
3.3891834090689263,10.116678391575217
-0.15879670193753143,2.1663436179148894
-0.6738579598671796,3.125002505026034
1.3359200436058378,2.4402336867955654
-0.4796907623691029,2.691616258966844
0.006307335403204909,1.9930119432781928
-0.46337744669241077,2.6838769003521064
0.02705483346656446,1.9627350693668744
-2.4887040624980266,10.668901680669745
-0.3435307749656629,2.4717583652342427
-0.7062233770240108,3.2126529529604153
1.3845954077003244,2.533430239756322
-1.2138616674879812,4.6926773149837535
-1.1186954959910946,4.368808995207382
0.4988930396569572,1.7525809801686427
-0.44976470498578824,2.6426647029883474
1.3566239076786986,2.4805070722265397
0.08550673574031636,1.9286843399117706
-1.5229965540831456,5.8461306995378735
-1.007254304532694,4.023585621708029
0.017397521737477294,1.982656073584314
-1.072276125726654,4.236259245513669
-0.44649109924660924,2.654009847318896
0.3295994893185589,1.7748464695794608
-2.3182765731288795,9.706511160198499
0.6682795951578304,1.7911084640542063
0.40394831558790173,1.7603250312648828
-0.7731068061301039,3.377381510594707
0.29348072077143184,1.7978911035772325
-2.236785336211152,9.248602548584135
-0.41627282924466946,2.5813971609775965
-0.4586679031766858,2.665736854323986
1.5998520093947777,2.962299998239683
-0.9823366278666981,3.946060311140426
-1.2177818145560144,4.694157889353113
0.07716652389165614,1.943414002383235
0.6647770944732128,1.788151850631456
-0.8404689572283504,3.552484846842159
0.9736183034677381,1.9738234239191554
0.14283566945941523,1.8609972226574414
-0.6364791017776907,3.0302503409253005
1.01729409672645,2.003727952712196
-1.2230581737731532,4.707301149171373
0.9108563036982907,1.910929318923633
0.31532596980780947,1.7932666153721442
-0.07818200445769513,2.0941299560533015
-0.07094495359761475,2.06258031472679
0.011110597757341913,1.9888385763667566
0.5537868887540417,1.760333875563423
-0.2988119170361026,2.3672650894380447
-0.5485228441911735,2.8568473001560166
-0.18205504434363856,2.2197777785621873
0.3962219592352795,1.7514062454020187
0.8552514340353088,1.879792886477578
-1.3904707733605342,5.317024671117503
-0.3921447635612815,2.549248861957147
-1.7497262465575008,6.809322231367817
0.8700227139722444,1.8766878178293458
-0.3924730101863286,2.536912897180856
-1.9111465341706775,7.567720412450745
-1.0467132495263312,4.150017293804285
-1.0462843984860386,4.163157271218679
0.07185983454274042,1.9331948889040438
-0.8277311666379663,3.5059706656871206
1.2754333841977135,2.3601300952126305
-0.14386337095086923,2.1702258813430637
-1.126165197589543,4.406522914408075
0.1648939655818122,1.8732906791659862
-0.33655902047299363,2.4439118812510685
-1.0060037419045145,4.022684269386181
-0.8461828263052211,3.5565636135991987
0.784433624398462,1.8385476115554262
-1.3037089562409614,4.998017316117298
-0.5334564324592175,2.8126355263463165
0.36235350470212224,1.7635133970472554
-0.3139085362795511,2.4003778925479753
0.4801642430086384,1.7486191975922902
-0.40989907900247613,2.5770113402179007
-0.5953504971474187,2.9613717544196887
1.0112705091790029,2.002279820226833
0.3609980873056042,1.777481642318614
0.4368404535220493,1.7356006310486725
-1.2911095093880107,4.940311520135691
-1.7151565166336882,6.665567733723998
1.2543847978974159,2.320153970896045
0.5112073154434992,1.774983145675221
-1.6925778408647574,6.552920523907555
-0.8175410753290937,3.4824381205241055
1.5727594403855212,2.9057206988628956
-1.2826644723148704,4.931072544232352
1.1311238044880383,2.1440782953260573
-0.3460439932984597,2.4714627693281574
-1.362874285098483,5.2220713924674484
0.5594747365858269,1.7696738085625456
-1.9962018011480738,7.992185554969904
1.271389938304498,2.3468796575353
0.2999126657640873,1.8033464821520957
1.473513064512955,2.725387242250935
1.4046151991148108,2.562875680126603
-0.14321688834179344,2.1573635854174227
2.000649260074464,4.006246482456452
-1.2522709357902218,4.82293335948744
-0.035119100255062985,2.0384775030861477
-0.9357525637042539,3.8134582199291316
0.3168710291452356,1.780337340352656
-0.2679735570579633,2.3435094431952552
2.244844034087082,4.802961166794799
-0.5999785335678063,2.9343041050741188
0.6877347357607543,1.7755192841357184
0.36875682688784567,1.7755513489729564
0.011797093872000772,1.9832862989927016
0.2853898779602874,1.7862224147412578
-1.1129920182239454,4.360686147975088
-1.476339839864243,5.656414370772412
-0.253093848801958,2.3254328308954832
1.0945512827059107,2.102090309778095
-0.6854484078236359,3.1543878197418183
0.1261985931265289,1.9003058677675684
-0.12478210721532369,2.1346469332206786
0.10518143190233661,1.893378873227094
-0.4916815843023582,2.724015506271895
0.0456346902398373,1.9494277400707856
1.0001230160955648,1.9685999198184345
0.4266830784817853,1.7612118946281825
1.1512398478475725,2.15062608227364
0.10933168061626408,1.918229962326325
0.7134369576038061,1.8040776826639844
-0.0160054222882297,2.0118762037894546
0.5625970396175671,1.748216044083863
-0.4039789221203493,2.5521138604419016
-0.5740724172815106,2.918749318458811
0.30377134216958385,1.786452518190577
-0.09171499850999056,2.1119304782441923
0.1491663643146311,1.893012134003847
-0.5741709635196437,2.8990982253464086
-0.4926104865479692,2.7446943010712834
-0.7754194656424416,3.385326351208406
0.4444379629452804,1.7596912985129944
0.13956753310497974,1.8754284568568238
-1.4933381221626307,5.73057312087174
-0.3659073407723013,2.496240142358557
-0.3428879930798629,2.45396247281605
-0.47703429325874647,2.698776927247149
-0.07070015952526477,2.0715114335311777
-0.5974848197695583,2.9482156639134756
0.5926759427973954,1.7577730662550952
1.216484496406092,2.2548361627611917
-1.6375903638928164,6.322213165405973
1.0163481552730196,2.020034172977433
0.3063459656830194,1.7964265683570348
1.8812230636388059,3.661008066639949
0.4466509471562824,1.7647622734508068
0.11290604421465496,1.9133508271442456
-0.748489319660153,3.3162611177960635
1.2601921699990666,2.3296538898750785
-1.6084345823944732,6.201963233235711
0.08624118637166481,1.9284911867693748
1.8147350114797411,3.480032877430164
-1.0109639701358895,4.019825943144924
-0.8083068634613909,3.46681285316125
-0.22318128477782462,2.243581219519701
1.0640610230117264,2.0799333215764277
1.2435090942465132,2.2928413028408188
0.4384452213166698,1.7544335849608346
-0.355457356957764,2.4939533106176652
0.05233264181635327,1.959095502570413
0.123999648494186,1.887427154071708
0.8921373307624592,1.8896225677804879
-0.6449891637325016,3.071102021788564
-0.41708667127844606,2.5904113602976855
-0.1096080319462095,2.1146843857588618
-0.493582844749435,2.743310200692171
0.14078268531898291,1.9012110068468797
-0.8345501905107255,3.529676550269858
0.9926887234806233,1.9804177940237033
0.3073947447325687,1.7887890957476325
-0.15499754940640617,2.1688014749504703
0.6114801705601474,1.7600419365660787
1.3485759759953346,2.45670920785563
-0.4414801399649376,2.6440238249925563
0.8419658558562755,1.8698044491998957
-1.8842344660556039,7.41964225275887
1.3397111131155157,2.4537956986624057
0.8193609129077734,1.837916425223634
1.1727062976839506,2.2084030845471188
0.9990275709322483,1.9978951145177808
-0.1869514574932553,2.2177547128065207
0.6103223946182321,1.766314923207948
1.0756404498967682,2.105356016859343
0.19896007312746564,1.8574597863507598
-0.02195291413310483,2.033548757482063
-0.15110388268805636,2.1963369749975543
-0.03600946118107855,2.028159884999917
0.6130451658594078,1.7656819598934141
-0.2931006393197927,2.369819500084725
1.7663219603458182,3.356302230739365
0.5685501427718035,1.7649661147536024
-1.9846828208168181,7.933498528528482
-0.6524945406851111,3.0897935541048787
-0.16353325472985927,2.180298960363545
1.0772470536495546,2.075928730620822
1.372714822730465,2.5000017148586062
1.2634524414453556,2.324057428664966
-0.11747475775676702,2.1403961084396323
-0.929893055067953,3.781200274474606
0.3445529547865666,1.7826189659008134
0.03353951124019214,1.9563292017965546
-0.679201016089149,3.12804636695967
1.5786736838842759,2.9227342838239805
-2.233195904220071,9.22175379111377
-0.10504012272350066,2.115716796485112
-1.3644794779085354,5.2318166971070506
1.1329964685521678,2.1623127158686057
1.1596718739359944,2.185650325571689
0.15824237706164623,1.8641189641172333
0.8446298342895223,1.8470708381098702
-1.4062370272684466,5.377987174026986
0.0849586146154479,1.9150121669055755
0.8129976352845644,1.8427769679590773
0.2598601987296114,1.8006261511309192
-0.6195864783193517,2.9951448988846265
1.2992874848698315,2.373092815828965
-1.4296612824570791,5.4782984878229515
0.8247411455421334,1.8777172473512789
-0.2138010574818587,2.261496069716446
0.16081893748986092,1.8594966527905978
0.6733778133026379,1.7796510354202373
0.6290215149575389,1.7730127864421428
1.830104833788633,3.531400684165562
0.05945873148433985,1.9588314929864
-0.9519548058477553,3.855272153304346
-2.0693689173427976,8.336122139953908
0.03713775239546488,1.9660589130904846
0.5248521445598594,1.7473452309939188
0.28734265626574335,1.806232191834893
-0.11547487739926791,2.1227749195769707
0.18510635824232458,1.850834605876036
-0.5909385034513893,2.9296951594038254
0.5257450388803275,1.7331375936223703
-0.005907347018574222,2.01203809280219
0.12607768474550213,1.8969117598399858
1.2536896104384918,2.318910068185435
-1.3883160316693153,5.324021029678752
-0.744428985305508,3.308908945262106
0.3554180359365955,1.7734076456221362
0.2750749556121133,1.7862851346592188
-0.22518697815769131,2.305417740253124
1.3066667554528244,2.4007020034350735
1.371883875024335,2.516541876668849
1.1359847962323573,2.1685589739505438
-0.21345759752631452,2.2455249876805814
-0.7581885588441929,3.3170424591213656
0.40509355323658125,1.7544899987961358
-1.143873199574041,4.433732007515378
2.1874359236291485,4.601547471923621
-0.769735887987972,3.363099321522671
-0.036780175527110257,2.0706066190857015
0.4180385572713677,1.7678323000527258
-0.022027232505533217,2.028607157001647
0.9851557530642767,1.9787595515519283
0.32124035278685154,1.786780401982358
-0.8148793604689293,3.4951913317096612
-0.937270856936005,3.826990132412225
-0.19018044159091352,2.2212550016585872
1.2548696136861137,2.3003260032131205
0.8187715956638896,1.8529288032425622
0.21285365281435592,1.820968435657562
-1.1300637986151558,4.417609931908357
-0.2905304305018013,2.3634463355616258
0.9766796854055496,1.9838442853093055
-0.05834648464036981,2.0610940154498794
0.5379287411948365,1.752259866183283
-0.2064720779150508,2.258684807437406
-0.9125940143578132,3.744051308553973
0.5459629589327087,1.7547591940079248
-1.5581227985551844,5.987732358214134
-0.824527040972795,3.4880062608913747
-1.441266296107463,5.523158037032001
0.337433922281473,1.7897652672904547
0.8292061467259958,1.8527899867286501
0.5418708831326561,1.7495667427340214
1.0545034419300494,2.0626307193222617
-0.8171685053621679,3.4846419552550087
0.47385209666536626,1.7611211324468379
-1.0820528029910768,4.25035446521546
-0.43341526382114204,2.6096784892812614
-2.301279695398816,9.592147563331016
0.44876460174519056,1.7678083244863603
-0.7686413772835415,3.3652483523673236
0.2014684092409409,1.8278067026233609
-0.09051758813197947,2.1154171993394955
-0.19159243403953338,2.2251495274354696
0.9368131337314467,1.9579281065859886
-0.07427766143254251,2.058225355508165
0.09527761603882531,1.9029490225110222
-0.47771146102151163,2.7065898464353473
-1.911223922713854,7.578114818953485
1.4607245659494787,2.671989523268885
-0.7927289148668769,3.4163620067913465
0.6246201851770399,1.7745416733141501
0.5373937150392394,1.7570095571404891
1.0899959298768724,2.0872988065393856
1.9542230445704158,3.8956570804844555
-0.5307829009253572,2.815513354882021
0.3806118064842916,1.7586020631835093
1.3720714360846147,2.524727762514341
0.23412925678354163,1.8286255811623857
1.0816172525550694,2.1031034081840447
1.4504484139278069,2.65513291469316
0.13186488804481294,1.9024788457318473
-0.7248214247968074,3.2522973207174792
1.2909985074930812,2.388405469742463
-0.647279030579496,3.067878956822005
-0.4956071391744763,2.754008548409562
-2.1945621343410924,9.022378585144118
-0.13820541991947902,2.1518376097404985
-2.5248626000310974,10.919782934648744
-1.39121225382335,5.329349082287532
0.08293786048994436,1.9343078354291208
1.7653206659121181,3.358738987182873
-1.1377740171932087,4.443500746959332
0.22830659200180314,1.8166863348238218
0.24263149346845592,1.8100046065259934
0.49344224877814763,1.7431639480820247
-0.39352114369583363,2.557371895564289
1.088229227188581,2.08763232929655
0.9669839002149122,1.9788891627098992
0.4984961518448714,1.7463226571446822
0.5950223255015415,1.751845797390967
2.074193697799102,4.249612326137459
-0.7502180019630952,3.323215845985946
1.0496111125369672,2.055400952795137
-0.32092898701343886,2.413675490214692
1.1378581702582007,2.1527992392585786
1.186079821694803,2.2163431760522814
0.4125561960912626,1.7439814657822268
1.4242395211802443,2.598841491735539
-1.877511697433447,7.389826429315235
-0.6333415472851921,3.0407918681379726
-0.6988485287350288,3.195534603158173
-0.38856799625120775,2.568304774750215
0.6919070995135974,1.7753656188303821
-0.5217304691686745,2.77090001908329
-0.2729247469097879,2.3627870655862466
0.050122897198369994,1.9421642973237514
1.6760590220366083,3.137436485988398
-0.27544523470893933,2.357078752492594
-0.08285733300467983,2.0789352004960713
-3.2076422476279043,15.504082046883637
-0.762670228141034,3.3534791172572387
-0.35147929851528287,2.4783476441882537
2.0290712217867557,4.088794654139041
0.8774379168972334,1.8988937841056464
0.48505906343960575,1.7500884816441225
-0.12166158279596628,2.145149525901892
-0.4457678045602762,2.6416813314966245
0.2856894918904359,1.799898203859145
0.12348177873582541,1.872139479878792
-0.4088699355188104,2.5964052966205435
0.5054053980223947,1.7725599646577497
-2.0856760934855387,8.440167941629188
0.12261104344630229,1.8971112497749352
-1.0846783222551903,4.262264923356472
-1.8838193127235405,7.450789703874466
1.4249000924262847,2.602812612451155
1.7239197786210867,3.2494983989665163
1.4891504349149463,2.72826602769822
-0.46371765465887205,2.6703794209141103
-0.6388529888585135,3.034480386019924
-1.7946185183387728,7.02456338250475
0.17281769550130505,1.8496722020149194
0.03469590167818012,1.9707690052240363
-0.606876102764601,2.986720445298326
1.439024878236606,2.636972225976745
0.1485324136561783,1.8611351473666242
-0.38198609080579354,2.519837671982735
1.159373953468954,2.1822698759866
0.863628485070903,1.8807876718643652
-1.236188305281274,4.767423562976966
0.7694997731070253,1.810026924110876
-0.5703578425316523,2.890100683285914
-0.2963752369873598,2.3845765616078802
0.5849342874603685,1.7724683029221295
-0.5975088887027726,2.9622320240824593
1.4826733229603406,2.7058954840572604
1.060078309937122,2.0644443708088622
-0.5741704518308932,2.9041554361204676
0.7139983531763273,1.7874973976280626
-0.22563357943729315,2.28580481110305
0.40597954283950927,1.7548060642219867
1.1722001024003614,2.208000225628657
0.9666888600432234,1.9710656504058137
0.3267529059550532,1.7764753307781844
-0.08198797009800636,2.0864134991637386
-0.18816926097243106,2.2066067056464655
-2.1885984810119563,8.970229008981553
-0.38906280233188717,2.53946384190493
0.44887290027226495,1.734824003907669
-0.22524690919105628,2.279035072768514
1.5653290684316206,2.8668354586193763
-0.4520477509833488,2.6825115953482173
-0.9030704207067595,3.7074845683364823
1.7174959677590116,3.22532650074337
0.0847218508760087,1.913633044030693
-0.3356258306053969,2.454098059555789
0.5420636607455017,1.7575271624634645
-0.3430812693841733,2.4510193498829382
0.11282739717913808,1.933234552653862
0.8121989843073203,1.8216747675602796
0.04629861616390111,1.9393912106309548
0.39157429171773983,1.751922474306061
-2.430401787906568,10.313998230304328
0.3386533330087098,1.7734223348978353
1.5662232280916581,2.899844903460949
-0.23638667384576298,2.308975870291016
1.9514657630393848,3.846530228811532
0.3632503457011765,1.7768819702467933
0.5053424919407752,1.7463713595414092
-1.0542274566642058,4.185575350971755
-0.12845542012178535,2.137827611335612
0.5683863701247962,1.7572102148069015
-0.9113458161017591,3.7439437099682795
-0.3076394537519864,2.4042055235399253
1.5738528718515339,2.908645246888792
1.205094183611239,2.2439183512780247
1.540122268651175,2.836738959873766
1.1044407986215405,2.114778463023872
-0.09000345943904094,2.1200660187990796
-0.0781758180207964,2.0866981041521555
-1.5090064467830049,5.787751736750443
0.7402970162640817,1.8095632574560123
-0.37915776117963707,2.5416116921227676
0.523017738121591,1.737025981556154
1.6345823167090687,3.035705719975014
-0.4328899084877223,2.622153657961029
-0.8819913463427372,3.6551394326727684
0.10305151622091785,1.9036366713037662
0.7177468821974586,1.8022987570695008
-0.8481806737285953,3.5649857410105765
0.9577433716595118,1.961971513486956
0.8275570769072297,1.8597252885761975
-0.27584922351166125,2.346636878476123
-0.06775016257220766,2.080906836546946
0.5423448070023745,1.77162852609919
0.037051299369774394,1.9654006516141274
0.24420492914455283,1.8086112861959762
0.7303127015256168,1.815719429639184
0.6179668708019469,1.7718919227268608
-0.8954033078024465,3.6902502015442895
1.0183075552447884,2.012643249153963
-0.3224486005082203,2.4321821092272047
-1.962152441667438,7.81252507964933
-0.9701574213304033,3.9107961441685224
0.8958464088944936,1.9103402242515866
-0.478857990353072,2.7053192005486397
-1.1176074333839456,4.395731105518316
-0.36786548240223066,2.4945609434024987
1.092306583223232,2.1111889288889416
0.673036225649046,1.7915055740292116
0.1772733880355673,1.8537651648128495
-0.20661721267361538,2.257324723060717
-0.4294158652475616,2.605198999699723
0.6496653284890297,1.766595175871421
1.635864499464189,3.0376930399994895
-1.365392564690816,5.219261112279184
1.0003970814077372,1.9918627826548785
-2.4633058232638247,10.53667314629459
-0.5845563843551067,2.9271660324238007
0.7169016836195601,1.8035368981945201
1.8407530493202788,3.543393671951454
-0.5071504870421621,2.77028751696407
0.17450506376720906,1.856540864170331
-0.7786259820063083,3.3787776716536175
0.4312480676676481,1.7502669702279932
0.7105100829549441,1.7786311802178834
1.7574421241090439,3.3216334521285913
0.8435481059433344,1.8779858250650174
1.0828644141490142,2.0845497158641537
1.1907638571545165,2.239187914754816
0.659829839170769,1.782609318775622
-1.0382895277463926,4.129651456423485
-0.18212314297243787,2.204148214245306
-0.0492406568637162,2.0590610762111177
0.1264472802729639,1.8861253655267338
0.1630870639162097,1.8454757733583604
1.768056267263608,3.3538088739063876
1.178760327629284,2.2291192461323903
0.26543841497802356,1.7898385843101219
0.5820077370724688,1.7612064288665688
0.12273622009868393,1.8813986560822247
0.12366731392298604,1.9071377526822568
0.6485591901758627,1.7612629667834299
0.6296327748414636,1.7615270127910359
0.8574044255611978,1.8726571089566402
-1.5098307649882496,5.785987762798176
1.0367605348166609,2.029209956325324
0.08033038418311737,1.9368570620970857
-0.4514322474932225,2.6654969731437412
0.2867379523930115,1.7886006709105116
0.7693173523913209,1.8191710413456745
0.22737535029926537,1.844904490893697
0.9186271914047572,1.9378380777193427
1.505859020990037,2.7340029304786437
0.05948807523457959,1.9502951509011703
0.061253708091459205,1.9205723207715453
0.4856579334292355,1.742453995374292
1.5809559248943135,2.9239157612139035
1.5615209994425574,2.8734178545982374
-0.7260462269991491,3.2442079991314015
-0.6853226111735583,3.1640063119787127
-1.251101265434852,4.801101097450027
-0.15807939529319004,2.1742757477973362
0.5709206219511344,1.7549228276215083
-0.29738415500394305,2.3920398522255084
0.3231033811930037,1.7751231075659835
-0.8307154382572753,3.515282427604885
-0.7553660643573696,3.312243129444447
-1.3717051447559712,5.265374438321453
1.1565118927182985,2.1818367278690074
-0.37886381530143426,2.525607469552174
-1.6218765674874143,6.259380367530422
-0.11812453827673446,2.137679116910551
0.6175803662752314,1.749880345296243
0.7856254217708032,1.8371125011219593
1.6419254259675744,3.0329729088392945
0.9481029412297876,1.9464140466124575
-1.3024784507378242,5.006412744156072
0.32530739198539416,1.7691519386892491
-0.23526771840131272,2.2922918829859817
2.265854125498759,4.8778039766874235
-0.4432992398294303,2.6621483208972134
0.23116817592414146,1.8238684316822247
0.49136433612080765,1.7522469745667515
1.3008308802680757,2.3806061968429133
-1.5379614918806466,5.904827867923643
-0.3988905010398293,2.5593697133992293
0.5739702315986388,1.747180394024334
0.7863334221335018,1.84042477702876
1.6876595989207268,3.1591780949698585
0.08224270186328371,1.9363812249369585
1.3479713660429733,2.4549795840137856
1.5608080096828694,2.8790265755530764
0.03854150972032102,1.983961145113007
0.26986881360471227,1.7956106889614325
-0.4426916722929586,2.6226869157248083
0.3618094905758183,1.7589064614685948
-0.8076577158682398,3.4675528477646793
-0.662451357940417,3.089049102935191
1.341831369957242,2.453745559458488
-0.07276974894379176,2.0908402575969016
0.6544433712331985,1.7867440727394213
-0.7731885060694818,3.3716761138415325
-1.8852749168458183,7.441870570977246
0.10514040456346131,1.898664055750398
0.7339052814497428,1.8137120349665417
-0.9995722063471759,3.9961273175245027
-0.9439607478524286,3.842277581160879
0.5861770025186328,1.7557776716149236
1.0748185553121994,2.076511309528532
-0.5157832879522536,2.783019138231521
0.24708093483366572,1.814306938826902
-0.661479914885519,3.1043259660202804
-1.4723430361086123,5.634832487819994
-0.7761290231116308,3.373258085545981
1.7614626835362655,3.34265121713551
0.6661136221558122,1.7795131446689232
-1.7810830665111568,6.948399063981636
-0.8897088525174813,3.70758648497065
0.07845351628275274,1.9312250417232262
0.18796480711479122,1.8362083889045906
-0.402315899281438,2.5738382521351144
0.805084492969102,1.842868367555797
0.3646922235505736,1.7868315439157754
-0.6098189020097442,2.9957746318945104
0.17628153605812838,1.877306533438413
-1.1973257124734529,4.64325716274772
-0.1699763775319805,2.1896969014941354
1.4918280392528631,2.7336773804508674
1.4701331980499996,2.6887655150797545
-0.15316191546651503,2.1712721554406897
-0.14897235262031203,2.1682200004341667
-0.5603675904035492,2.8600588329718564
1.3444738735350592,2.4675179828311866
0.8091362694293555,1.8521118975872504
1.3449991305696174,2.4708238233905733
2.239392630786184,4.7698374212331345
-0.6682003759999893,3.0963060185007887
-2.569472942249867,11.165995532427287
-0.6698474290960675,3.1100119017585346
0.43104402127315555,1.7474119056424264
1.1558855908142858,2.172573573270902
-0.21603945683654516,2.252012559453792
-0.39928468796991584,2.540360414362869
-1.5892041181500132,6.119748439243933
-0.45708819610369916,2.66671434037668
-0.3360667276352797,2.4501112224500496
0.29565024145871976,1.7983151380081055
1.1216784371849167,2.1379714709650255
0.9153578642251118,1.9042683655409829
0.23060709901415144,1.8143461574951232
0.15293171167547487,1.873344808327075
-0.9588401105837779,3.8997256639415805
0.4803722394337806,1.760393373359009
-0.987690210973083,3.9553696424021703
0.04791793120264355,1.9484269056716674
-0.09968169730921399,2.1279678923107594
-0.40384392024952176,2.5833259761786866
-0.540348160528887,2.831546653843956
1.1101673198281758,2.1244104924446288
0.5122098791374772,1.7582040541241424
-1.191403359132082,4.639303173982268
0.19141227551752996,1.8612481039448312
-2.351362219090036,9.869117378238435
-0.67089136657754,3.112833695302307
-1.5678042218162578,6.015979882633153
-0.7912368926449707,3.399936430480621
-0.9420717640874678,3.8336066166999783
-1.459478013655467,5.588961095100239
-1.2561403668092401,4.8084962520506975
-0.0786772329693447,2.103207611829557
-0.178377075500178,2.208187575576322
-0.9730701865513153,3.9275284647887094
-1.1575730997532963,4.481536011099585
-0.7241557362596021,3.233054839741976
0.9231159073988835,1.9246870869463222
1.7647210187113114,3.343411333392003
0.7199001650391662,1.7974558866178405
0.945104824324656,1.9429617432110815
1.4328766795259467,2.623865065340569
0.4733350326828359,1.747430822872951
-0.007314220288859693,2.001549610727482
-0.9385021389591233,3.8073693699600692
0.5157603359790187,1.7386964539309464
-0.6025251002678984,2.956982442504708
-0.21420858713946941,2.2642569474839274
-1.6288339063450783,6.294499249225804
-0.11512365105519627,2.1219044353552787
1.0983409030114897,2.099789490227457
0.19020636812282463,1.8522013833702995
1.3554118794330525,2.491709033742836
2.081493433139695,4.2680129587430145
-0.37634854044803956,2.5100594558879012
-0.6128640539786893,2.9936663984010785
-0.19508840478496217,2.2397127803926433
0.006487662070351821,1.9917566849316952
2.0482698728588216,4.13751330279254
0.6017320079112376,1.765707079990785
0.07387598260787141,1.9189212837145497
-1.5450891464213046,5.932168458402612
1.4485761160574169,2.640635118445561
-0.7500709218428459,3.2998839601329033
0.004457479806358212,2.004124882169887
0.26599935526951207,1.797932600206852
1.1251572981100326,2.1549720258374734
-0.13656414968668074,2.145864749164421
0.6309215759686966,1.7711774458046545
-0.35885708547858264,2.475754719444764
1.1484906032218416,2.1833852177544237
-1.9996703826923246,7.998374981126883
0.3980183900959241,1.7725336318913916
0.7722417518990855,1.8231910536001217
0.09158047849164494,1.9022363816194945
1.4751691508200069,2.7024199440699403
0.2602899589750648,1.8107510414820245
-0.31675598486184003,2.4326026636456457
1.7164163375623227,3.2380468408306617
-1.240510218235963,4.7851539202764135
0.7434561339465652,1.8152798138555821
-1.3981159575876785,5.35932281223354
1.1365173400500213,2.160412138697169
1.631114326056581,3.0251978119872955
0.6472737525521121,1.7796668763640613
-0.03846161419620105,2.039901101934975
0.521300404672029,1.7538445483761775
-1.277684052115043,4.93515125355522
-0.29918022417114193,2.370649701653808
-1.411706112839477,5.4027546731256075
0.6878720268722265,1.7770806758007165
1.4079487398116979,2.5838712221391633
1.5269066155526267,2.818038323456792
1.184388665154524,2.2150137272286297
1.0648621720760052,2.061442053763924
0.3431228971779932,1.7722098766246805
0.8345943159964098,1.8680918068744268
0.6690118620184698,1.7627065618512177
-1.1903498626863462,4.612880015538831
1.241211540714607,2.3119483501542106
-0.3544978808010471,2.484731357001971
1.4053987189509949,2.565809402402853
0.7238539466640201,1.801252583220708
-0.6880795696622796,3.157143879306495
0.12443731113947362,1.891819517279376
-0.33284837686429664,2.4474488337920732
-0.34265452959045467,2.4719894766443056
-0.0012486755747995672,2.022349223956636
1.7900301161745371,3.3966807991150314
0.10061509119943435,1.9046520724082485
-1.3745825714879356,5.280128132336171
1.2365628177112344,2.286339722301993
-0.6378777932686255,3.0438217636442486
1.3400403117171056,2.4610508648578016
0.962989596656325,1.9708289680407673
-1.0440858844571164,4.146383365539141
1.1526673301662218,2.162791136926634
1.354626719560796,2.4868121580840183
-1.7668099914691369,6.89167795886562
-2.238447816233457,9.24824600182147
1.7953077651181635,3.4310104268552215
0.8837557717859592,1.9211369779665664
0.7396006330825339,1.8053970090078357
-1.1986320101075234,4.6338838731281164
-0.5535147391803183,2.8508921853009
-0.7877841647417846,3.4114003998898137
1.011858441887181,2.029667207375766
-1.6404418555996865,6.343759550267756
0.11474709655259964,1.8929516007096843
-0.8010944814696875,3.4379808817836124
-1.7426025174858322,6.803664019940706
0.19563834052882226,1.8509191722315896
0.37257048354887246,1.7683705831504815
1.5308097121666087,2.819163725792412
0.014609879690957199,1.9781149313365367
-0.37192426368496917,2.5083088159468767
-0.2840789154883945,2.367072440702473
-0.7373354277693839,3.2887735263290736
1.7891287433360121,3.414764843015131
0.995158767274306,1.9914462589695867
-0.031108151104464417,2.0484854517127804
-0.766851906096166,3.371083012753926
1.0425251764369994,2.0320811297854884
0.6942503348595324,1.8165326034876244
0.26754818629941635,1.814177585392147
-0.8560357059934216,3.57309250061598
-1.7725465775880154,6.906323483946961
1.3133094540262806,2.397140850092403
-0.3091786920090773,2.4055937731221486
0.07869280697664832,1.9183822342461514
1.243384369058109,2.3051756078862877
1.5862054733857762,2.9402597729767814
-1.0417585461059962,4.131180157824535
-0.03586588819720384,2.0591987936140583
-0.4942423775794449,2.7430727463959093
1.9276184739524809,3.79680173004421
-0.2830268414711936,2.370019116764734
-0.5547070666527435,2.8773796872585535
-1.543003849128694,5.919184324460643
1.2156768044056065,2.2665610743159204
0.9308000972624411,1.9490242333416783
-0.5538412606875975,2.854848214450848
0.29734799542768625,1.7755605178390998
0.031502797067787004,1.9705935270385129
0.3530579439826151,1.764704607307618
-2.1953872893678184,9.007210838650424
0.8496713384929562,1.87803749312844
-0.41851474418756884,2.571039894445734
-0.9000263891439514,3.712062125939554
0.4565751081069433,1.769428090424234
-0.3873817956520742,2.5379424751313393
-0.23932096222734148,2.3004590214437233
2.38586108030805,5.3140244112367085
-0.43987945781043375,2.632666262787547
-0.22451271425561378,2.2742132381567113
-2.0916879081685975,8.462973911419292
-0.2807241090428612,2.352801140499655
-0.26423915448394414,2.327496576235186
-0.1205415609076961,2.1418598350804583
0.31501395152424166,1.7668916905834955
0.26093241055607364,1.8122219068874073
1.6403145558384555,3.0475859598686292
0.6947787195702075,1.7606504701179069
-2.552337519315056,11.061253415354665
1.1506626116982375,2.1903589753772077
0.8455384816240469,1.8596877065679704
-1.4437491191442446,5.521565574208335
2.1235348670387064,4.388586138916609
0.7748620458129623,1.8178865603565726
-0.6918813447697615,3.158484065486067
-0.7298859883134888,3.261327819905178
-1.6072882534337871,6.1884662321304384
-0.3650489276278925,2.488915746667731
-0.42431312055200415,2.596824112186548
-1.9942662553698673,7.956010097657869
-0.12916910296232656,2.1435343871356225
-0.8781974160985551,3.6457608283003538
-0.9491125653589327,3.852043853693363
-0.9194415613857485,3.768988500762365
1.438568198443662,2.6432251531995856
-0.0483492464227259,2.034201469640499
-0.10043400088652342,2.1127667684843985
-1.0783751661308436,4.228719479541018
0.9557147237755689,1.9573292629404757
0.2711032971249979,1.8056343039860994
1.878032571292202,3.6282166991681075
0.23236601063414886,1.8161376511819318
0.34674955460074397,1.76712951422926
0.007414183149025816,1.9988711650888529
1.23113807770806,2.270174082136349
0.25514394075975444,1.8139778529229447
-0.2504175129468824,2.307774016427156
-0.4047837797311639,2.583236549777077
-0.8968864950945262,3.6940204958484397
-0.5824244257281854,2.9003340740880503
-0.8272967529286093,3.5032997873449165
-0.11849217528663128,2.1483599178548745
0.4729055069945226,1.7430486589197185
0.7599049051014133,1.8164637947633153
-0.17965559778692256,2.1937604342420864
0.05084243510888713,1.9419290800203344
0.4968907407755485,1.753131869530708
-0.2906048863345841,2.3790536802815345
1.1028015929371946,2.0998167714151386
0.0505361388356943,1.9353680910696496
1.031881880654737,2.0221434791954067
-0.3087057241502782,2.4112124870406104
-1.5649980728253996,6.013416141302578
-0.6461537923896415,3.0599856825586538
-0.19047519191803713,2.2148434022759824
-1.38375510040311,5.297284393995502
-0.8201146222215211,3.5013252924068294
-0.3204389349964437,2.426181709785665
0.3152167915288142,1.7707237209086482
1.2938741509282663,2.3542206352730295
1.16222218668404,2.1952977675557555
-0.6009444143036047,2.9651681992327434
-1.2761168130567766,4.9229499044324205
-0.5422478083940516,2.8505327815596426
0.6491462490475367,1.7878068858870724
-0.9046578255741307,3.7292808585497887
1.0892687380359967,2.113665373695072
0.5782553399868808,1.7617986038687232
-0.2910470587506859,2.3868150932013905
-1.0202321216084835,4.053633810178038
0.07556680018175185,1.9297476928742303
0.7377452002719899,1.8053735156816642
0.8167523260252653,1.8583162427175703
1.9686686132564903,3.933957068299363
0.9474409657178257,1.949491192446699
1.2057545450879346,2.2371422883237937
1.1437105093191295,2.162799059182097
0.023855125260928207,1.973687706667234
0.4807872639720789,1.7353063360102423
1.0496934387005248,2.0805054917232315
0.15449855707205315,1.854782964533325
-0.8170893311759116,3.5037280174634087
-0.852604426872078,3.565561596950872
-0.6261711846851122,3.0154479321560577
0.41368258795250007,1.7556760542323897
-1.662536564544369,6.4337071248270705
0.64460666668094,1.775014379734734
-0.8257470369021858,3.504613111916961
-1.7727758190300202,6.917469271418795
-1.1754367905360892,4.530925375630204
-1.3920233471757326,5.323434051535248
0.946093302871507,1.9486061346748758
-0.7201006375309036,3.2443481452009575
1.0341418469614025,2.034556019611909
-0.847458936567877,3.562313033462452
-0.6678167951901265,3.0999641495116252
-0.49275290981319453,2.747293476132903
-0.7291250967702183,3.268608345881917
-1.3658188066212105,5.2368663945242515
-0.9381719852366676,3.815731922755745
-0.4921327853738152,2.724032390097393
-0.4800061974199188,2.7253749558601963
0.6140341461941631,1.7567642229164833
0.675436830751596,1.7891191248574756
0.6848884445728236,1.7817182905468145
-0.0004728132471796857,2.0125117951738067
-0.16335416958228313,2.178285236556925
-0.9543002156115018,3.872837946095331
2.165815247133001,4.533078113402022
0.0175617024103452,1.979036345930528
0.483868973032107,1.751655860713823
-2.57298019849902,11.214757492366015
-0.6450009046325467,3.0561390884725625
1.1400792518823653,2.1422742991024593
-0.6229013173214833,3.017961860520214
0.7347322995605884,1.7842720674936887
1.4564101428452063,2.6850536251733694
-2.6796603198042814,11.860594530511156
1.1477966257180474,2.1673242091585405
-2.057618379789606,8.29560187030966
1.1217665549052913,2.1401886527751093
-0.9522593672065452,3.8683361623431116
1.4134708248243724,2.5893496121053055
-0.11273050085880004,2.1213889069156204
-0.215614828154704,2.2707550838370967
0.6455981915988537,1.7840335860068184
0.9740478387134499,1.9593458713756793
-0.30147316493058957,2.3951379677163414
-0.7297531004084741,3.278919120415934
-1.4441336032535939,5.531792253507877
1.123834340684172,2.15624371576744
0.5557096306008174,1.7471492680468401
-0.2882618591805687,2.367343764663064
-0.7923220751355541,3.440666934104201
-1.531655510875303,5.872288237150255
0.017387254345874414,1.9905469915313592
0.054617853794096755,1.958807751385407
1.6051395880171175,2.9821168918008785
-1.110094395650766,4.325651914734623
0.8820080976270896,1.8939110818403027
-1.4781072922867,5.658977785575167
-1.519640712838969,5.824840353287734
-0.18569548969553346,2.2132319046780435
1.9961409823519678,3.9987647556202064
0.5319794048543708,1.7517053937001765
-1.186153650278864,4.595235369363011
0.09090826367647094,1.942900910835861
0.23666710473277439,1.820133297469647
1.5898035073208683,2.9320795146427185
-0.22527750934506555,2.286190005793184
-1.220833575954687,4.7157916318764155
-0.8911734421346791,3.7036703996884954
1.4843670668024496,2.7265518437317358
0.3361938306358358,1.7677047679590685
0.45954151561462675,1.7666791379812852
0.01747736187392826,1.955294130860353
1.634986281532342,3.0367843685231923
-0.43435867081580043,2.6194474968655324
0.6827345122652877,1.79103834403701
0.6759777004013868,1.7790762555596606
0.16779405444940268,1.8499364852337628
-0.6321984929131272,3.027835588664476
1.1171239757702587,2.1365059103033954
-0.6187453396037189,3.0111471306146513
-1.9810151048467228,7.90712204012043
0.3801652471333984,1.7695694091387861
0.344693681694535,1.7853103053944364
0.1557144361958479,1.8636431028104004
-0.16374527057060254,2.189852485141255
-0.12368018333222922,2.154975201624644
1.4803717066017859,2.6876403856701208
0.6385229787005393,1.7840359218218478
0.042198276576249555,1.9702484410073295
3.2174020142722095,9.143553932240545
0.8356804071136881,1.8620837153130114
2.4043745662340585,5.372839498679852
0.13854716646739523,1.8732021767524698
1.1444930095765868,2.1841288925317377
1.106837890813956,2.1177985065616878
1.0983868703748116,2.1183462019933224
-0.3117017853824736,2.424990450997258
0.49343148778252394,1.7628778733509183
1.8341702877683799,3.5246837532762227
0.03278986362858713,1.9809199790588057
-0.29736461672203357,2.3677678800771047
0.2626312588488632,1.8183440384611873
-0.8347121369337895,3.527044649579329
-1.8162454063370856,7.112792942244455
-1.2912793996857757,4.956965552558784
-1.0448496996812442,4.129437489676681
0.1383278502510186,1.8892521218693854
-0.7434307619096943,3.2915661677748473
1.0986808456254669,2.13225987169768
-0.14181373502524583,2.176413610530454
-0.86610418014236,3.61874991822471
-0.12746633323162054,2.1472514882007294
-0.5264780523356198,2.816917198774662
0.3951081973589921,1.7623453517205336
-1.351805699075716,5.173376565247998
-0.03188886217608885,2.0148383796833604
-0.02867320717574943,2.032566806082518
-0.09861344529416827,2.0876372799251777
-0.5136874902354054,2.774790794573369
0.6584415359320583,1.7763244274863266
-0.12326337743870014,2.1358306444350887
-0.6815721585276774,3.137649355639672
0.5226423414279865,1.7426780020922876
-0.7172708346635861,3.2083478453457954
0.6822794263971209,1.7933324370681782
-2.500285306003915,10.75603656950745
1.0134288837221073,2.0116103408511687
-0.018065282089792637,2.0111032433138454
1.206590179365631,2.233128073472953
1.0187634600488025,2.004467231270946
-1.1276058173145758,4.402914856498327
-0.8257930613336425,3.497867488178831
0.46878041916894037,1.7582588631312097
-0.7912845151226584,3.4181579966999953
-0.5790589505267797,2.913314871470596
-1.5579460131835565,5.99751858404799
-0.2571308636741769,2.330811978351508
0.7235518538561438,1.8074937421597874
-0.15208065014844974,2.162348672457302
0.0002930132965646505,2.0029543450227765
1.0406152345581445,2.038335943710871
1.0672388556081929,2.076301479457121
-2.033842409134898,8.174173395300757
0.3690518988684681,1.7576181051628754
-2.0080834953383384,8.041024225030839
0.7273396559412294,1.8100076565075702
-1.3358403044777551,5.1120797059740015
-0.8320245388055539,3.5431581436534043
0.7448493422605282,1.79745046434169
1.0169798236417102,2.016359248489918
1.950220585619579,3.849615689174315
-0.4897816733205419,2.7208153261732777
-1.1883580180275253,4.609579141297161
2.0699181836489258,4.197643956380939
1.0408747211983256,2.017353133255698
-0.4183578480705142,2.5999833970531925
-0.8860332384007009,3.7000788906910245
1.5401664539005435,2.836534614395379
0.36402295158098114,1.7682302272936277
-2.5770860833810314,11.213085645312646
-0.7171007556981664,3.241022816606579
-1.048828354443256,4.135532004860571
-0.19725589746046368,2.2451481772719855
-0.27243023098855645,2.339553956302667
-1.117185033465553,4.347150755173237
-0.7081351853035449,3.213335239987976
-0.17424608105872802,2.192443479320057
0.42257464179734167,1.7725999985843863
1.3326515563936916,2.44273971356626
1.5584374913911028,2.857628691928732
-1.3261112623298918,5.084922337112473
0.41325688701055513,1.7601298849965719
-0.6036988500181564,2.974788243737765
0.11332416831359933,1.89742341810926
1.0480441879580449,2.042520119516107
-0.24552608057909145,2.3251943785370104
-1.1370618173785205,4.419003707585723
0.6171835801380338,1.7819945611325327
-1.9267006672999127,7.627971109042625
-1.7287950235995526,6.722968820514096
1.3238747778940798,2.419099939305158
-0.521468035820192,2.799471545314603
-1.099387190571832,4.313585818675647
0.985444236622656,1.9918996463565553
-1.3246627075384199,5.085735265584287
-0.558443038815322,2.889373011107456
-1.0778851396287223,4.249136001284929
1.296338403417466,2.388151526604261
1.3710573377880806,2.4915467146086354
0.43967735519421014,1.7346388548461797
-1.4045492303715512,5.373767281277243
0.3464292457071407,1.783016165388442
-0.9395990620902737,3.8258381788273574
0.4348291446917239,1.7515477207602197
2.2481707389062677,4.815951928532862
-1.180890397968971,4.578575672649586
-2.095424711037391,8.477199839275137
1.227545359459719,2.28194892925889
0.3591661014024943,1.7850508932493905
-0.037062303725073166,2.0324843624028186
0.6779000549673382,1.7710782100637685
2.2771526769330808,4.903731135958825
-1.5678585525542463,6.016621707369765
-0.49802307394053424,2.7612509639189864
0.5564657495728264,1.7605199329897248
0.047211710386936695,1.9663312554763397
-1.8183708523297508,7.124029499411098
0.4325718841260137,1.7660353300135565
0.0671895698584459,1.9287036313171841
0.2828437228092077,1.8050653216036932
-0.809140524291633,3.4850711724495675
-0.12030404240338635,2.128773081829178
0.6610503926349242,1.7653760905264047
-0.7885518527215294,3.4090060377620377
-1.3349235095817544,5.126182168875243
-0.6558681198674016,3.0808945154371483
-1.141662693471065,4.445801411388758
-0.06846744851081896,2.0813556047320203
0.10731435995034604,1.903717202886473
-0.006927475692131097,2.010129333962721
0.8324808728512161,1.8620864327361755
-0.11920340827705074,2.137272156719326
1.3653862798255894,2.490359307848801
0.8930416483069848,1.9007837173925834
-1.487265489965627,5.695698943687
-1.2992965109599544,4.998131336372503
-0.01021368142467557,2.003202819354823
0.8956868585226467,1.8858330219513915
0.23115339842092894,1.825913517766182
0.7783749250186962,1.8401067885541285
1.0891454580752473,2.1007840194751544
-1.1741897456686687,4.525576361287941
-1.4007908061912846,5.37735223938423
-0.4842168164007059,2.735995220638537
1.5418624046566742,2.83488735457176
-1.1712145474079423,4.521749361268195
-0.44940046149258184,2.6564650432047365
-0.8682470540682403,3.623764015101318
1.1325775030868297,2.14883570462166
-2.3554077479960966,9.903041202238345
-0.09316345037220572,2.084614875027171
1.098187944027178,2.1125780584131926
-0.9638891195802197,3.8753087946922613
0.26865250638559335,1.8222921736553677
-0.06741343293503571,2.0743441918409666
-0.6497662681950851,3.0714819648861766
-0.7150004331610431,3.2351461695146226
1.377977309077269,2.5270831319196514
-0.2589331668372933,2.3284279092195153
0.46614948860536937,1.7380436297672341
0.8987879202434977,1.8943839031703655
0.3234379284082153,1.7667310517843051
-0.5040157240333176,2.750514028373397
0.4123636345827685,1.7504707703289355
-0.2734887236795636,2.35486440976945
-1.9815196088564837,7.897213700969987
0.48116085551560417,1.7336524119266534
0.041052961771555395,1.955472940494466
-0.6803675391775761,3.1276065746336723
-0.29726004994355554,2.4026410097548876
0.06973611082290836,1.9203165687348982
0.33319483594659965,1.7674600611137246
0.7352089922619355,1.7970912253572169
0.7267006170599043,1.7824525436171674
-0.24829275565052475,2.3113782234340237
-0.2604558570250478,2.3395516980170252
0.5678040312402306,1.7466329647104113
-1.3845723032894983,5.310542389641085
-0.3570073152850579,2.5086223543878123
1.0632178682445874,2.0664663595447657
-0.032045784933112303,2.034286201894228
-0.8541263468173917,3.56716477078911
0.15131167534401385,1.87402910699755
-1.7300694902299825,6.7228957240438
-0.299579092850457,2.376684291157518
0.5899825260034804,1.7651419412357126
-0.56943176496457,2.8996327733251306
0.10134264130209651,1.9241433472313203
1.68531544371853,3.1453842063713617
-1.2388498970509578,4.7708848543558275
-0.608763646401682,2.9745178931704377
1.36605216423508,2.5039276707001448
0.016388561634104976,1.986294544643945
-0.7669521505468403,3.348192318893724
-0.6164492458069605,3.0096461590560737
1.5446458205552909,2.8394005191998306
0.5902630089975182,1.7689577998768198
0.6295970418678575,1.7685978938732683
-0.315084927763524,2.4232673547906063
1.6175796997651282,3.0010076127603296
0.5402904916557825,1.7351357711779107
-0.8505446860365645,3.552751330173067
-0.733755495648342,3.297891730392655
-1.157180245500656,4.500239476956476
1.1911396970928265,2.2438254538945213
0.2583737842107481,1.816563265740581
-1.051439925091781,4.152320940881598
-0.5429360147310938,2.8332494177466963
-1.8485093882505075,7.2741246598510525
-1.386480183357659,5.296140590750199
-0.20353199732362762,2.2423459482387917
0.057459151220857395,1.9371962369945201
-0.7561806191852668,3.331280653159681
0.9394424324338574,1.952694055093862
0.7953636179073381,1.8484036226426133
-1.2223764407995497,4.7097508719461025
1.0979369629772575,2.1016900798707714
0.8105741324510425,1.847240985072164
0.08960966054938893,1.9308541491913753
-0.6320992673069157,3.025714616955975
0.5964387458309026,1.7681883694452816
1.7762903511030654,3.384873444229562
-0.6838990203870382,3.1478828449969556
0.29244151922765316,1.7773892338628083
-0.9635033672760913,3.8932526131412555
-0.7693492307687468,3.357075433062945
0.9804285394205869,1.978272180153568
0.7962609512823811,1.8334071939089114
0.40154171032654434,1.7630367764529518
0.09337957194927696,1.9058884590314586
0.3192386139506104,1.780533893874663
-0.9637102319353504,3.8923845477239634
-1.0010928793250087,4.005439942286604
-0.2981854041782642,2.3774245498634
-0.378024944064862,2.5153238896298933
-0.044843987457007836,2.0374721335650285
0.7500386527973013,1.8109159486411022
0.828931994028844,1.8740969770694662
0.050188922640700455,1.9605762775919682
-0.47652422262263067,2.690437504862084
0.7222741300139651,1.8085084052395155
-2.062300057737797,8.323643813075305
0.20145777400224393,1.8354263666524397
0.6918404879445857,1.7849134025455649
0.9624402981926173,1.9662119695847995
0.8029719329332876,1.852306496546626
1.6881048036611241,3.1561295228122823
-0.01631335577261943,2.022277083077401
-0.2702407986204545,2.3272856659125654
-0.369925066626241,2.506752264510378
0.8861385489955521,1.9071723141592145
-0.059782444654074555,2.0612076802691996
-0.3953719408186273,2.5426541596149588
1.0706821370130906,2.0807533381174355
0.6685418063400241,1.7971388778826685
0.44971763925061403,1.7659264897547573
1.0711155804780186,2.05770918109256
-0.3659439871535987,2.5075890800407583
0.9190518737156966,1.9205163083117431
1.052500154345939,2.04027542048032
-0.7448097496805033,3.3092242956210423
0.21784869222814063,1.8444309180872487
1.342792754901019,2.465142342823645
1.4460030121323548,2.652647753737423
0.005224333807994276,1.9839195207490936
-0.20636890996454788,2.2383296038024136
-0.6996533413313524,3.197575144266947
0.2886244138069833,1.7946763196001867
0.6013671073126199,1.7592368324696799
-1.3331587157085067,5.113884856677313
-0.7463252705141438,3.299062861680448
-1.0429401559310172,4.138613839493645
0.4781928266115868,1.7574989996956556
0.28318520121485574,1.7987907178812363
-0.0819106727969217,2.080625004266229
-1.400592069622125,5.360338871607724
-0.40884679690588005,2.5762909907177107
-0.7605717014354705,3.3579623232975244
-0.13649096030926428,2.148265487158551
0.3592195299511563,1.7755306767665493
-2.302560954651893,9.603194234070509
-0.8788176149678211,3.663230607182713
0.5564913887195331,1.7515596197583856
1.3892395739507624,2.5469944080015035
2.0071155860337258,4.028794940746794
0.9507286325530311,1.9414959017680984
-0.50906004765667,2.772164605306316
-0.8675544346762151,3.6228591222142916
1.7475192178660957,3.3017485532568096
-0.31939743752660865,2.4165337874821766
1.2136210872046178,2.234978860074519
0.12673832687660663,1.8969523223055
0.010283672706820504,2.0091507299947393
0.7575053882431703,1.8251325353496939
0.6269844056032453,1.7623145418146613
-0.09877034116298612,2.0995930794975837
1.4145588491330745,2.586678374952194
-0.38552910358474135,2.550257434394927
-0.09464895353854672,2.095352345928668
1.2810394666426794,2.3549462991565524
-0.47544902263419087,2.714082930138891
0.27417473525666675,1.7817675548965195
0.11118000936874584,1.8991425266250512
0.16589736657334964,1.8701782046854194
-0.7247565390043097,3.243288599325245
-0.6002219008555829,2.958182959586296
-0.7252132821235379,3.235499976221784
0.023689858719614616,1.979653099043408
-0.3418465587648482,2.464757263081932
-1.3222920006024381,5.073210884328664
0.897150857580729,1.9022254403693566
-1.0174116077535316,4.055114663741357
-1.0988334025381246,4.323063404224745
0.738134808093414,1.8136123067494434
1.0014436986055897,1.9960697972432508
-1.4329237682169553,5.499463721266018
0.5317338304273314,1.7530193913793366
-1.1146334508923892,4.340871908457981
0.1159193816776418,1.8870066894434312
-0.9719151842199791,3.916046329492375
-0.7182643389942244,3.2412344970201046
0.2043219243812685,1.8364399866683225
0.025573981054526487,1.9634280494899439
-0.05532866548272283,2.063309697016885
-0.902650859664221,3.7414520796044117
-1.0465716633645559,4.124538239139736
0.15812398914582082,1.8605372190435525
-1.1920420808771168,4.601277659004908
0.36829483567979615,1.755649831265469
0.4707069754384143,1.757482465787997
-0.9992186433795128,3.9915471380262164
-0.8568691296880614,3.5906052997686206
1.7568887199414425,3.337584988064083
0.7530424161440319,1.8257311097028606
-0.9680125716217257,3.9068115953185427
-0.10351139858056378,2.1158100215117925
0.9498081930099326,1.9547079217890586
-1.2239605908319684,4.708467441965541
-0.8516775951743766,3.565770552347793
0.6094752237445026,1.7507875209745816
-1.6620171380488564,6.402524637131559
1.1191224806127957,2.1448396223747332
0.006934616044654108,1.996726372899919
0.2848661379341189,1.7993026101634664
0.37959476585425783,1.770087391657113
0.4463581132682288,1.7557541061436284
0.5006819017849123,1.7580446522328854
-0.4661604148418144,2.688258471911091
-0.9558250811261402,3.8589749149371575
-0.728651051951054,3.271159071077005
0.05963063171385418,1.9443945744359796
-0.6910909529135111,3.193187434919509
0.789324007469974,1.841651482002174
0.8017350683578204,1.836055908273118
0.029948921677444274,1.9549243425476341
0.7816191355360445,1.8221223347945148
0.6798495069594437,1.7745845231738109
-0.39056432660960144,2.545049696831855
0.8136724395490119,1.851045224654933
-0.1989102725139339,2.2348893069289657
-0.964936327905458,3.897932949120708
-0.009292008955422402,1.9956160532282456
-0.8143652198898211,3.469279776166447
-1.2446377556932782,4.794939251699982
0.8296362688065231,1.8534465814867778
0.5769899485539971,1.7486509285123926
-1.3726449225523238,5.269389433208296
0.5166414436294575,1.7586177518756216
-0.019224854107851654,2.013556610961328
1.008744307326782,1.999984597646585
0.36879807691989147,1.7718909585277294
0.3999874137464346,1.7616741985339728
-0.07284376504306747,2.0608938179459417
-1.7991538425441276,7.035631354689535
0.3376123128227661,1.7792095853013854
-1.5177696852964047,5.807164286940903
0.6068596841770544,1.7530887370610746
-0.17190470716939488,2.1860888524375772
-0.6930332626788064,3.1590807030102077
1.371246907213117,2.5026528576656792
-1.158685020197076,4.500223115497595
0.36909804795223694,1.7584796443910935
0.368327075553842,1.7599883064105089
-0.038613347031810165,2.0477854475747996
1.8033624615891626,3.451499140943931
0.7413670792257706,1.8201023704488704
0.2774272278705011,1.7898233241360042
0.5243586656307963,1.7471685058556041
0.99398119916389,2.0208296058445514
-0.9797065146441533,3.944671635575517
-0.9697959002133919,3.9094201786052873
0.8606135687437027,1.8760745882670675
0.2155776132546288,1.8327230294401144
-0.18937484845404134,2.2373727691599643
1.447710110795595,2.647217009607156
-0.6166090621198361,3.013973784070451
0.35599750013164166,1.7688310850238576
0.6961312093303841,1.784099661325095
-0.4701816233482863,2.6983990242458136
-0.8415502051330389,3.5451428673436185
-1.4841595493891426,5.684332868431207
-1.7409794844580917,6.764027502517704
-0.1973993766444076,2.231603418571142
0.30521426226892695,1.7889691134327055
0.36511545916712057,1.7584975510389376
-0.09809632975605191,2.114263389185905
-1.7621740774732533,6.871292221478815
-0.14962299030816684,2.1742871846153538
0.5511573416919933,1.7651341784192884
-0.3965640185209125,2.5504735003615444
0.8547402917956463,1.8661213607177205
0.9792483212481753,1.9881199045506242
-1.4022429166279762,5.381533843794217
0.55631278290411,1.7567634069595943
-0.6195993554250124,3.016084771307611
-0.6378989451936131,3.0329271845864336
0.5373689083805681,1.7532565390615622
-0.1011996638226937,2.110475035262408
0.6965642345616301,1.7842126846976702
0.07085171155652757,1.923484610922731
-0.41254625682440427,2.5703558445531396
-0.8673967270739409,3.6232908097423975
-0.020320638456906237,2.033541386648921
-0.6380579988712298,3.0448635222189226
-1.752951597944074,6.823948606858675
1.1257464538705273,2.147535218164095
-0.6956626538584686,3.181510497819131
-0.7919222254282464,3.431363483807529
1.3287267699235483,2.4409795184111864
0.12459184035361273,1.8919787214938324
1.0530640112221388,2.026289676784481
2.034867050792548,4.11173513783798
-1.0132726654985829,4.050576857522412
-0.46457475164733486,2.675998676197816
0.11227500510968792,1.8978099298347553
0.42589631267228373,1.7462430056026532
0.7318551903236244,1.8153046301249385
-1.9249942970474392,7.633624702677363
0.17434579053743887,1.8604617070299845
-0.4261417817859486,2.6303610660597245
1.2274473363520206,2.2811766915988643
-0.214020129117946,2.255387728120774
-0.9210900145971095,3.775413200942944
-0.5501560617287321,2.844122939179629
1.2639109096070271,2.3323905164506042
-0.5360192521205933,2.809644971337017
-0.8505608334124892,3.579337397406966
-1.0939202868719697,4.281746809605342
1.4365219915069827,2.6219942570412287
1.490335503718998,2.7340527911244386
-2.251868209791525,9.339294800391604
-0.2365271250770915,2.289232165245223
0.8870652460223435,1.8982665562677383
0.8259054561607557,1.8449337797225474
-0.3775759482538821,2.517067002472617
0.5525996318726766,1.7434980198415908
0.050908314019071206,1.9571915326702298
-0.38852392507549827,2.536258574269503
1.2611546551224702,2.322629241151927
1.4608791160863124,2.6633147756115485
-1.0321893688482286,4.113382227005326
-1.9194274422918474,7.6138740155397375
0.17840920106270466,1.851309312936508
-0.5267837052675327,2.805360057823501
1.0029104142836116,1.993780154919356
0.9993504566541528,2.0004380335077645
0.4328530926637292,1.7549921462378861
1.4005043617617032,2.5547321189487775
0.5041126978946214,1.7566329260996085
1.9854210715643394,3.9593710783956246
0.22098713046555105,1.8226755807071802
0.9557240709427903,1.9400769928407984
-0.5875259500452256,2.9070839843930725
-0.46450062116766727,2.6781020153230406
-0.9165258734631884,3.7621351474596207
1.659208126114439,3.0986535356950404
-1.9548776393021305,7.771029318982146
0.563714478231595,1.7461410874959218
-1.3116424353410217,5.022566404759171
-1.344740757036524,5.16236395534555
-0.6662099464046748,3.105530460756867
0.6316483298930771,1.7702988433301357
-2.216988626025265,9.132176605242533
0.20394424735134717,1.8446282234132647
0.4769576977183231,1.747257101682496
-0.9969843124006532,3.9714839914781677
1.5978131336635373,2.9297424073819753
1.28948451911184,2.381456693409987
-0.03554376415420982,2.0448946545885804
-0.2619132210863539,2.335554964597743
-0.14851537215396624,2.176753622733559
-1.3175532112115986,5.034678219375957
-0.5005920217017041,2.7382071210984824
0.07418723493306172,1.9332374810923156
0.2767119462787195,1.797771487532587
0.7491098136369129,1.8202316352399046
0.21276963228241172,1.8270931987806165
-0.011450205264897395,2.020589596172413
-1.417477331206889,5.4402012412336
1.094449239258858,2.112561070387247
-0.9892712815599574,3.9600150937932472
0.8428164010887775,1.87403817093293
-0.8346492379873094,3.5342453669975464
-0.18145602619427445,2.213164297049203
0.2809654202105244,1.8074466198533299
0.1628331370470237,1.8531823933477902
-0.5892566095166618,2.9561819127658127
1.142381962718476,2.157826378383417
-0.2451137496046774,2.295014411033203
0.9021534569194709,1.9273562891646097
-0.31733553610615256,2.442776017537192
-1.5337251606496203,5.868353605212715
0.3515000764215907,1.7777108812008198
0.17489994570819348,1.851564937604104
-1.2233830752011692,4.722407652832086
-0.6812033956733035,3.152158709253326
-1.3281965493019334,5.0998308505882335
0.04477834023938014,1.942413922711339
-1.432168958410872,5.464492923476575
0.44902659935341593,1.7518136071232169
0.742241520430011,1.809923200516341
2.51257094034279,5.819439755466978
-0.5249771959191554,2.8036870664795783
-0.8677524567412016,3.631335592793435
-0.12875342932104503,2.159778230166191
0.13310436905019493,1.8924604664750297
-0.802173709739494,3.447915522090932
1.5374807339503669,2.82054365988526
0.36413600329369744,1.7777099134094247
2.1152750531068216,4.363495478703958
-1.4796194880576619,5.65921411277128
0.7952010119368228,1.8413542429223193
-0.8351329274224818,3.545011673200165
0.6854147583992285,1.7804170515486553
-1.8314091476015446,7.159761102759559
-0.4885502587507208,2.7244241390419184
-1.0102700807845966,4.017390130617348
-0.3740661285023221,2.518364513728319
-0.40079007129472344,2.5718301226759372
1.3773043453187053,2.5167467152641456
-0.25626281316840327,2.3282369995399366
0.22471850422197104,1.8211500165743455
1.7347467620623378,3.2686673351368465
0.557632177726018,1.7405665881553694
0.7738852182468386,1.8143937140086297
0.4815691043031643,1.75803420188383
0.7417528827505294,1.7974981103955467
-1.1461017587310687,4.451381715536703
0.4025679910235214,1.7650166108356775
0.12022652679551223,1.9000352729573997
0.8798459057869841,1.874816601841194
-0.19392322116682842,2.244204739618282
0.4463087262089123,1.7460294786015513
0.5009512163294209,1.7419141341863373
-1.2571412523852925,4.8268568049955025
0.29983829942902374,1.7979622057675677
0.7126286909490543,1.8004280709587885
0.7943411254773319,1.8340962958946245
-0.5063746323822589,2.7667769044336348
-0.5895758937854835,2.9282729265887486
0.4368317355088761,1.7594168125856384
0.16723537765939184,1.8663894430687618
-0.3419820219687882,2.4454697732023885
-0.14562136292145517,2.172724206269673
1.6563140509316858,3.0967253099642975
-2.735244307743849,12.215406901829851
0.09457232645852862,1.904858507903554
1.8255532910445191,3.496745396073502
-1.1330369619961047,4.437376767006894
-0.02433438879196226,2.0338547212765774
0.7593062059379555,1.8109409164655517
1.9431698690160344,3.8289080900968884
-0.8608109409754906,3.613603789087095
-1.080630191741595,4.231870078542947
-0.8107891400307677,3.4612619140032526
-0.7350185445368661,3.2568848645436033
-0.6253912951835948,3.027568303788532
1.3996425907527956,2.547313819088517
1.2624843640093004,2.333107755938306
2.4892296512340892,5.701483959910421
0.2707836858274803,1.8179413684182786
1.229205544228088,2.303498860318426
0.5308540633243729,1.7335809201408585
-0.04239796236245891,2.0404360889678244
0.2899497863273853,1.7999731577856821
-0.11633723157384555,2.1292681671866456
-0.7404818790627167,3.2860797312151764
1.7059064592796487,3.174500976770005
0.5987282619547871,1.7552119284949432
0.8033704416005787,1.8577296237932297
-0.3720890649759282,2.512984140654978
0.1848672738601156,1.8565575295688745
0.7859597252996497,1.8421835424089517
1.1124644337439884,2.1181782124075847
1.6002315303872656,2.971512984889708
0.16002232292220736,1.8667464723437288
-0.2935750974911587,2.3880674490873415
2.010007653916353,4.028681433493668
-0.6856161152438394,3.136911789520204
-0.8474330299141603,3.559972325064198
1.7476641221352585,3.3004373146014863
-0.038713901326953314,2.0290526987313373
-1.1102574184233969,4.347023188257611
0.07385012363501783,1.9367034001848165
-0.3949570052434014,2.5581528409755427
-0.45471022464635863,2.6666949674706766
1.078907540964544,2.085187534010554
-0.0033626278201372498,2.0147713840285184
0.130935684611574,1.891881684549207
0.3549804061416693,1.773647560308366
0.8567797918870851,1.8533630577795344
-0.19171605651665025,2.2500080258592963
1.985143096736573,3.9595531548507283
-0.10218962991851402,2.1037006646967584
0.5822522031404211,1.7738913084934385
1.3524367860269126,2.4897312712687056
-0.2127317546673497,2.252622437549115
0.9745666182852305,1.9797309378463823
0.2910893524764976,1.7987573472090759
-0.33399113319404045,2.4497585930971075
0.4192020819304122,1.740407653012639
-1.2728586537071076,4.884556045641893
0.007935894160995428,2.0062184255672864
-0.7148434361983894,3.238538077743913
1.6734342709850463,3.1418606342986455
0.6680469445700505,1.7867514367838904
-0.20778562686167942,2.2655950141009513
-0.2524637476777489,2.317816638131828
0.6849145508952175,1.7783251643010325
0.6782568788924306,1.777247422798237
-0.6998060433340992,3.1975650613507356
0.5393119026537077,1.7436587447717695
-1.55399803782908,5.967232602193122
0.3121351099534341,1.7799863093346937
0.6635778735342563,1.7766978663919382
1.0402977463144996,2.0251525451642673
-0.4589650127396397,2.660723615080522
0.26669239134058403,1.7956703446092435
0.31605416161386785,1.7761384062733412
0.30242740386662675,1.787510683399505
-0.18657089389254325,2.225248210633004
-1.2640591986276766,4.879197397337062
-1.1803816136803695,4.560732328155643
-0.8982710482049223,3.6996997107870424
2.5782754792873166,6.084444997507356
-0.6263071382448172,3.0134685633294165
0.5034182473713733,1.730284230085023
0.5320053659844844,1.7482708210699358
1.7035788543467134,3.1904101715265423
-1.2001265432939165,4.638458699839538
0.11197851367592251,1.9050819578019011
-0.44296348065486174,2.6409675513349318
0.6496954892656839,1.768334990832287
0.6707973894106442,1.7825727125697173
-0.47809988592897734,2.6951714533454596
-0.9464520718545955,3.851604112332806
1.3597878980947153,2.4971046831915897
-1.1263437279020654,4.399527137340075
-0.25579140640154735,2.3188841332943593
-1.5362024247455306,5.893990345223475
0.31817883032745753,1.7862935651436307
-0.04045046098106052,2.053054124659299
-1.0984294655672602,4.3074748870198185
-1.335973358256642,5.123040912012022
0.3994870788671037,1.7608339047019723
-0.18101902246483206,2.201461158659104
1.5922722050578735,2.97265561715499
0.000922213291607146,1.998662958450186
0.24639995278892607,1.8162854919135916
-0.6076462041361655,2.979923503706861
0.09646408282395313,1.9139371112335857
-0.6277511405413121,3.0246888990079572
-0.42164194468501315,2.607951146748197
1.3509500562018364,2.4759694666165943
0.7089867506716249,1.8052672069874993
0.8867757286531125,1.879157395983313
1.0041864597701917,1.999089872040257
-0.5541818732286306,2.851327877066372
-0.2586181378763426,2.3243999325608495
2.371939121927488,5.274990359830613
-0.2047726653056417,2.2324213021624097
0.41632581447426875,1.754930200829027
-1.1273588052948864,4.400492954392793
-1.306725081022401,5.013125341681774
0.05795805412405308,1.9473728680523064
-0.5243391602804935,2.798974667793079
-0.7541117155739853,3.3228894266090445
-0.2566606367635846,2.324306802820175
1.0246831729632915,2.021116257344806
1.1118280025213136,2.1225363281790495
-0.16053841664299454,2.188990434065703
0.2316112932821057,1.8382472764306963
0.09799436976607662,1.9121021013061494
-1.117588750915482,4.3466172183129235
-0.5401673649714701,2.832845277049529
0.7862026307972976,1.844708727612573
